<?xml version="1.0"?>
<Library xis:noNamespaceSchemaLocation="Library.xsd" xmlns:xis="https://www.w3.org/2001/XMLSchema-instance">
<Book>
<Title>Dead to the World </Title>
<Author>Charlaine Harris</Author>
<Publisher>ABC Publishing company</Publisher>
<Cover cover_type="Hardbook"/>
<Category cat_type="Horror"/>
<ISBN isbn_num="Z1"/>
<Rating rate_Val="5"/>
<Price>$13.97 </Price>
<Comments>A good book</Comments>
</Book>
<Book>
<Title>Gardens of the Moon </Title>
<Author>Steven Erikson</Author>
<Publisher>XYZ Publishers</Publisher>
<Cover cover_type="Hardbook"/>
<Category cat_type="SCIFI"/>
<ISBN isbn_num="Z1"/>
<Rating rate_Val="4"/>
<Price>$17.65</Price>
<Comments>A wonderful book</Comments>
</Book>
</Library>